د»؟SG_UF;SG_UE;NM_UE;CD_CARGO;DS_CARGO;NR_CANDIDATO;NM_CANDIDATO;NM_URNA_CANDIDATO;NR_PARTIDO;SG_PARTIDO;NM_PARTIDO;SQ_COLIGACAO;NM_COLIGACAO;DS_COMPOSICAO_COLIGACAO;DS_SIT_TOT_TURNO
SP;65455;ITAPECERICA DA SERRA;11;PREFEITO;13;LEDA MARIA ASCHERMANN;LEDA MARIA;13;PT;PARTIDO DOS TRABALHADORES;7;FRENTE DEMOCRأپTICA POPULAR;PT / PC do B ;NأƒO ELEITO
SP;66893;MAUA;11;PREFEITO;22;CINCINATO LOURENأ‡O FREIRE FILHO;CINCINATO;22;PL;PARTIDO LIBERAL;6;COLIGAأ‡أƒO MAUأپ MELHOR;PDT / PL / PSC / PST ;NأƒO ELEITO
SP;68837;PIRAPORA DO BOM JESUS;11;PREFEITO;25;RAUL SILVEIRA BUENO JUNIOR;RAUL;25;PFL;PARTIDO DA FRENTE LIBERAL;2;CERTEZA DE PROGRESSO;PFL / PAN / PDT / PV ;ELEITO
SP;67890;OSASCO;11;PREFEITO;13;EMIDIO PEREIRA DE SOUZA;EMIDIO;13;PT;PARTIDO DOS TRABALHADORES;2;NOVO RUMO PARA OSASCO;PT / PC do B ;NأƒO ELEITO
SP;66010;JANDIRA;11;PREFEITO;25;ALCIDES PEDRO SIQUEIRA FILHO;ALCIDES;25;PFL;PARTIDO DA FRENTE LIBERAL;3;POR AMOR A JANDIRA;PFL / PSB ;NأƒO ELEITO
SP;67130;MOGI DAS CRUZES;11;PREFEITO;15;FRANCISCO MOACIR BEZERRA DE MELO FILHO;CHICO BEZERRA;15;PMDB;PARTIDO DO MOVIMENTO DEMOCRأپTICO BRASILEIRO;11;AMOR POR MOGI;PDT / PMDB / PSD / PRP;2آ؛ TURNO
SP;64297;FRANCO DA ROCHA;11;PREFEITO;45;ADAUTO LEME DOS SANTOS;ADAUTO LEME DOS SANTOS;45;PSDB;PARTIDO DA SOCIAL DEMOCRACIA BRASILEIRA;12;DIGNIDADE COM COMPETأٹNCIA;PSDB / PV / PL / PSD ;NأƒO ELEITO
SP;71072;SAO PAULO;11;PREFEITO;27;JOأƒO MANUEL BAPTISTA;JOأƒO MANUEL BAPTISTA;27;PSDC;PARTIDO SOCIAL DEMOCRATA CRISTأƒO;-1;PARTIDO ISOLADO;PSDC;NأƒO ELEITO
SP;71510;SUZANO;11;PREFEITO;23;JOSE RAIMUNDO ARAUJO DINIZ;JOSE RAIMUNDO ARAUJO DINIZ;23;PPS;PARTIDO POPULAR SOCIALISTA;2;COLIGAأ‡أƒO MUDA SUZANO;PDT / PPS / PC do B ;NأƒO ELEITO
SP;70750;SAO BERNARDO DO CAMPO;11;PREFEITO;30;PEDRO PAULO COPEINSKI;PEDRO COPEINSKI;30;PGT;PARTIDO GERAL DOS TRABALHADORES;-1;PARTIDO ISOLADO;PGT;NأƒO ELEITO
SP;63770;DIADEMA;11;PREFEITO;40;GILSON LUIZ CORREIA DE MENEZES;GILSON MENEZES;40;PSB;PARTIDO SOCIALISTA BRASILEIRO;4;UNIأƒO POPULAR DIADEMA;PSB / PCB / PMN / PSDC;NأƒO ELEITO
SP;66893;MAUA;11;PREFEITO;45;LEONEL DAMO;LEONEL DAMO;45;PSDB;PARTIDO DA SOCIAL DEMOCRACIA BRASILEIRA;1;COLIGAأ‡أƒO MAUأپ FELIZ;PAN / PFL / PPS / PRP / PRTB / PSB / PSDB;NأƒO ELEITO
SP;63614;COTIA;11;PREFEITO;45;JOAQUIM HORأپCIO PEDROSO NETO;QUINZINHO;45;PSDB;PARTIDO DA SOCIAL DEMOCRACIA BRASILEIRA;6;LEVANTA COTIA;PSB / PSD / PV / PSDB / PSDC ;ELEITO
SP;64670;GUARAREMA;11;PREFEITO;19;ANTONIO JAIR PAULINO PINTO;TONINHO DA INOX;19;PTN;PARTIDO TRABALHISTA NACIONAL;-1;PARTIDO ISOLADO;PTN;NأƒO ELEITO
SP;66257;JUQUITIBA;11;PREFEITO;45;LUIZ ARMANDO LIPPEL BRAGA;DOUTOR ARMANDO;45;PSDB;PARTIDO DA SOCIAL DEMOCRACIA BRASILEIRA;-1;PARTIDO ISOLADO;PSDB;NأƒO ELEITO
SP;70572;SANTO ANDRE;11;PREFEITO;11;CELSO UBIRAJARA RUSSOMANNO;CELSO RUSSOMANO;11;PPB;PARTIDO PROGRESSISTA BRASILEIRO;1;BOM PARA AMBAS AS PARTES;PPB / PTB / PTN / PRP / PAN / PFL / PL / PSL / PSD;NأƒO ELEITO
SP;66893;MAUA;11;PREFEITO;14;AMAURY FIORAVANTI;PROF. AMAURY FIORAVANTI;14;PTB;PARTIDO TRABALHISTA BRASILEIRO;-1;PARTIDO ISOLADO;PTB;NأƒO ELEITO
SP;67890;OSASCO;11;PREFEITO;30;WANDERLEY ALVES;LELO;30;PGT;PARTIDO GERAL DOS TRABALHADORES;-1;PARTIDO ISOLADO;PGT;NأƒO ELEITO
SP;65455;ITAPECERICA DA SERRA;11;PREFEITO;45;LACIR FERREIRA BALDUSCO;LACIR BALDUSCO;45;PSDB;PARTIDO DA SOCIAL DEMOCRACIA BRASILEIRA;8;PSDB PFL PSL PSB PTN PST PSD PTB PPS PT DO B PGT;PSDB / PFL / PSL / PSB / PTN / PST / PSD / PTB / PPS / PT do B / PGT ;ELEITO
SP;71072;SAO PAULO;11;PREFEITO;13;MARTA TERESA SUPLICY;MARTA SUPLICY;13;PT;PARTIDO DOS TRABALHADORES;2;MUDA SأƒO PAULO;PT / PC do B / PCB / PHS ;ELEITO
SP;64157;FERRAZ DE VASCONCELOS;11;PREFEITO;43;JOأƒO SARAIVA FILHO;JOأƒO SARAIVA FILHO;43;PV;PARTIDO VERDE;-1;PARTIDO ISOLADO;PV;NأƒO ELEITO
SP;64670;GUARAREMA;11;PREFEITO;43;LAERTE MOREIRA JUNIOR;LAERTE JUNIOR;43;PV;PARTIDO VERDE;1; UNIأƒO JOVEM ;PV / PPB ;NأƒO ELEITO
SP;66893;MAUA;11;PREFEITO;30;LUIZ TEأ“FILO DA SILVA;LUIZ TEأ“FILO;30;PGT;PARTIDO GERAL DOS TRABALHADORES;-1;PARTIDO ISOLADO;PGT;NأƒO ELEITO
SP;63134;CARAPICUIBA;11;PREFEITO;13;SERGIO RIBEIRO SILVA;SERGIO RIBEIRO;13;PT;PARTIDO DOS TRABALHADORES;4;COLIGAأ‡أƒO PRA SACUDIR CARAPICUIBA;PT / PC do B ;NأƒO ELEITO
SP;66710;MAIRIPORA;11;PREFEITO;13;ESSIO MINOZZI JUNIOR;ESSIO;13;PT;PARTIDO DOS TRABALHADORES;4;JUNTOS PRA MUDAR - PT, PMDB, PDT;PT / PMDB / PDT ;NأƒO ELEITO
SP;64670;GUARAREMA;11;PREFEITO;45;CONCEIأ‡أƒO APARECIDA ALVINO DE SOUZA;CONCEIأ‡أƒO;45;PSDB;PARTIDO DA SOCIAL DEMOCRACIA BRASILEIRA;2; MAIS AMOR POR GUARAREMA ;PSDB / PL / PTB / PSC / PFL / PST ;ELEITO
SP;66257;JUQUITIBA;11;PREFEITO;13;MARIA APARECIDA MASCHIO PIRES;PROFESSORA CIDA MASCHIO;13;PT;PARTIDO DOS TRABALHADORES;-1;PARTIDO ISOLADO;PT;NأƒO ELEITO
SP;64157;FERRAZ DE VASCONCELOS;11;PREFEITO;11;ALCIDES ALBERTO GENTIL DE LAET;BETO LAET;11;PPB;PARTIDO PROGRESSISTA BRASILEIRO;7;JUNTOS POR FERRAZ NO RUMO CERTO;PPB / PDT / PHS / PSD ;NأƒO ELEITO
SP;64033;EMBU GUACU;11;PREFEITO;45;VALDOMIRO ANTONIO RODRIGUES DOS SANTOS;MIRO;45;PSDB;PARTIDO DA SOCIAL DEMOCRACIA BRASILEIRA;9;EMBU GUAأ‡U NO RUMO CERTO;PT / PST / PSDB ;NأƒO ELEITO
SP;64777;GUARULHOS;11;PREFEITO;23;ALTAMIR VAZ;ALTAMIR VAZ;23;PPS;PARTIDO POPULAR SOCIALISTA;-1;PARTIDO ISOLADO;PPS;NأƒO ELEITO
SP;69833;RIO GRANDE DA SERRA;11;PREFEITO;20;MARIA LEONARDA CARLOS FRANCO;LEONARDA FRANCO;20;PSC;PARTIDO SOCIAL CRISTأƒO;4;COLIGAأ‡أƒO UNIأƒO PELAS FAMأچLIAS;PSC / PTB / PFL ;NأƒO ELEITO
SP;64777;GUARULHOS;11;PREFEITO;13;ELOI ALFREDO PIETأپ;ELOI PIETأپ;13;PT;PARTIDO DOS TRABALHADORES;2;ALIANأ‡A PARA MUDAR GUARULHOS;PT / PSTU / PSB / PC do B ;2آ؛ TURNO
SP;66010;JANDIRA;11;PREFEITO;43;GERALDO DUARTE DE OLIVEIRA;GERALDO DUARTE;43;PV;PARTIDO VERDE;-1;PARTIDO ISOLADO;PV;NأƒO ELEITO
SP;63770;DIADEMA;11;PREFEITO;13;JOSأ‰ DE FILIPPI JUNIOR;FILIPPI;13;PT;PARTIDO DOS TRABALHADORES;8;FRENTE DEMOCRأپTICO POPULAR;PT / PSTU / PC do B;ELEITO
SP;66893;MAUA;11;PREFEITO;13;OSWALDO DIAS;OSWALDO DIAS;13;PT;PARTIDO DOS TRABALHADORES;4;COLIGAأ‡أƒO MAUأپ UNIDA;PC do B / PHS / PMDB / PSD / PSL / PT / PV;ELEITO
SP;64777;GUARULHOS;11;PREFEITO;18;Nأ‰FI TALES;Nأ‰FI TALES;18;PST;PARTIDO SOCIAL TRABALHISTA;-1;PARTIDO ISOLADO;PST;NأƒO ELEITO
SP;65455;ITAPECERICA DA SERRA;11;PREFEITO;21;ERLON CHAVES DE CASTRO;ERLON CHAVES DE CASTRO;21;PCB;PARTIDO COMUNISTA BRASILEIRO;-1;PARTIDO ISOLADO;PCB;NأƒO ELEITO
SP;67890;OSASCO;11;PREFEITO;14;CELSO ANTONIO GIGLIO;CELSO GIGLIO;14;PTB;PARTIDO TRABALHISTA BRASILEIRO;1;AVANأ‡A OSASCO;PTB / PFL;ELEITO
SP;63614;COTIA;11;PREFEITO;23;MARIO DIAS RIBEIRO;MARIO RIBEIRO;23;PPS;PARTIDO POPULAR SOCIALISTA;1;COLIGAأ‡أƒO 1. COTIA;PHS / PPS;NأƒO ELEITO
SP;71579;TABOAO DA SERRA;11;PREFEITO;23;LUIZ ALBERTO FRATINI;LUIZ LUNE;23;PPS;PARTIDO POPULAR SOCIALISTA;2;PPS/PMDB/PDT/PSB/PFL/PTN/PSDC/PL/PT DO B/PMN/PRP/PAN;PPS / PMDB / PDT / PSB / PFL / PTN / PSDC / PL / PT do B / PMN / PRP / PAN ;NأƒO ELEITO
SP;67130;MOGI DAS CRUZES;11;PREFEITO;45;JUNJI ABE;JUNJI;45;PSDB;PARTIDO DA SOCIAL DEMOCRACIA BRASILEIRA;12;UNIأƒO POR MOGI;PTB / PFL / PSDB ;2آ؛ TURNO
SP;69671;RIBEIRAO PIRES;11;PREFEITO;13;MARIA INأٹS SOARES FREIRE;MARIA INأٹS;13;PT;PARTIDO DOS TRABALHADORES;2;COLIGAأ‡أƒO RIBEIRأƒO CADA VEZ MELHOR;PT / PC do B / PRP ;ELEITO
SP;65633;ITAQUAQUECETUBA;11;PREFEITO;40;VALDIR ROCHA COELHO;ENG. VALDIR COELHO;40;PSB;PARTIDO SOCIALISTA BRASILEIRO;11;ITAQUأپ SOMOS Nأ“S;PPS / PSB / PV / PSC / PSD / PT do B / PGT / PMN / PAN / PRONA;NأƒO ELEITO
SP;61778;ARUJA;11;PREFEITO;12;DORIVAL JOSأ‰ DA SILVA;DORIVAL CABRINHA;12;PDT;PARTIDO DEMOCRأپTICO TRABALHISTA;2;MUDA ARUJأپ;PDT / PSL / PT / PC do B / PGT / PPS ;NأƒO ELEITO
SP;62855;CAJAMAR;11;PREFEITO;23;MESSIAS Cأ‚NDIDO DA SILVA;MESSIAS;23;PPS;PARTIDO POPULAR SOCIALISTA;7;CAJAMAR PARA TODOS;PPS / PPB / PDT / PFL / PSC / PSDC / PV / PL;NأƒO ELEITO
SP;71072;SAO PAULO;11;PREFEITO;45;GERALDO JOSأ‰ RODRIGUES ALCKMIN FILHO;GERALDO ALCKMIN;45;PSDB;PARTIDO DA SOCIAL DEMOCRACIA BRASILEIRA;3;RESPEITO POR SأƒO PAULO;PSDB / PTB / PV / PSD / PRP ;NأƒO ELEITO
SP;72737;VARGEM GRANDE PAULISTA;11;PREFEITO;22;ROQUE DE MORAES;ROQUE DE MORAES;22;PL;PARTIDO LIBERAL;1;UNIأƒO, Aأ‡أƒO E ADMINISTRAأ‡أƒO;PL / PFL / PPS / PRP ;ELEITO
SP;72737;VARGEM GRANDE PAULISTA;11;PREFEITO;45;ANTONIO MANOEL DA SILVA;TO;45;PSDB;PARTIDO DA SOCIAL DEMOCRACIA BRASILEIRA;7;PV/PPB/PSB/PSL/PTB/PTDOB/PSDC/PSDB/PDT;PPB / PV / PSB / PSL / PTB / PT do B / PSDB / PSDC / PDT;NأƒO ELEITO
SP;67130;MOGI DAS CRUZES;11;PREFEITO;13;DIMAS DE PAULA INACIO;PADRE DIMAS;13;PT;PARTIDO DOS TRABALHADORES;3;ALIANأ‡A DO POVO POR MOGI;PT / PHS / PC do B;NأƒO ELEITO
SP;69833;RIO GRANDE DA SERRA;11;PREFEITO;45;JOSأ‰ DA CRUZ JARDIM TEIXEIRA;JOSأ‰ TEIXEIRA;45;PSDB;PARTIDO DA SOCIAL DEMOCRACIA BRASILEIRA;1;COLIGAأ‡أƒO VAMOS Pأ”R ORDEM NA CASA;PMDB / PSDB ;NأƒO ELEITO
SP;71072;SAO PAULO;11;PREFEITO;20;JOSأ‰ MARIA MARIN;MARIN;20;PSC;PARTIDO SOCIAL CRISTأƒO;7;REAJA SأƒO PAULO;PSC / PT do B ;NأƒO ELEITO
SP;70777;SAO CAETANO DO SUL;11;PREFEITO;40;ALESSANDRO DE FREITAS LEONE;LEONE;40;PSB;PARTIDO SOCIALISTA BRASILEIRO;-1;PARTIDO ISOLADO;PSB;NأƒO ELEITO
SP;66257;JUQUITIBA;11;PREFEITO;15;JOSأ‰ BELARMINO NUNES BERNADO;BERNARDO;15;PMDB;PARTIDO DO MOVIMENTO DEMOCRأپTICO BRASILEIRO;2;FRENTE NOVA JUQUITIBA;PMDB / PTB ;NأƒO ELEITO
SP;70572;SANTO ANDRE;11;PREFEITO;13;CELSO AUGUSTO DANIEL;CELSO DANIEL;13;PT;PARTIDO DOS TRABALHADORES;2;DE NOVO, O MELHOR PARA SANTO ANDRأ‰;PT / PMDB / PC do B / PST / PDT / PMN / PV / PCB / PHS;ELEITO
SP;63770;DIADEMA;11;PREFEITO;29;JOSأ‰ LUIS FEIJأ“ NUNES;JOSأ‰ LUIS FEIJأ“ NUNES;29;PCO;PARTIDO DA CAUSA OPERأپRIA;-1;PARTIDO ISOLADO;PCO;NأƒO ELEITO
SP;64157;FERRAZ DE VASCONCELOS;11;PREFEITO;45;VALDEMAR MARQUES DE OLIVEIRA FILHO;DEMA;45;PSDB;PARTIDO DA SOCIAL DEMOCRACIA BRASILEIRA;3;FERRAZ NأƒO PODE PARAR;PSDB / PST / PTN / PSC ;NأƒO ELEITO
SP;64157;FERRAZ DE VASCONCELOS;11;PREFEITO;23;JOSأ‰ CARLOS DIAS LOUREIRO;LOUREIRO;23;PPS;PARTIDO POPULAR SOCIALISTA;2;PT/PPS;PPS / PT ;NأƒO ELEITO
SP;71072;SAO PAULO;11;PREFEITO;11;PAULO SALIM MALUF;MALUF;11;PPB;PARTIDO PROGRESSISTA BRASILEIRO;-1;PARTIDO ISOLADO;PPB;NأƒO ELEITO
SP;68977;POA;11;PREFEITO;13;NELSON BUENO DE ALMEIDA;NELSON BUENO;13;PT;PARTIDO DOS TRABALHADORES;5;FRENTE POأپ PARA O POVO;PT / PC do B / PSTU ;NأƒO ELEITO
SP;71072;SAO PAULO;11;PREFEITO;11;PAULO SALIM MALUF;MALUF;11;PPB;PARTIDO PROGRESSISTA BRASILEIRO;-1;PARTIDO ISOLADO;PPB;2آ؛ TURNO
SP;61778;ARUJA;11;PREFEITO;14;WALTER ROBERTO BRAGA;BRAGA;14;PTB;PARTIDO TRABALHISTA BRASILEIRO;-1;PARTIDO ISOLADO;PTB;NأƒO ELEITO
SP;70572;SANTO ANDRE;11;PREFEITO;23;ELCIO RIVA;ELCIO RIVA;23;PPS;PARTIDO POPULAR SOCIALISTA;3;SANTO ANDRأ‰ O FUTURO أ‰ AGORA;PPS / PSB / PSDC;NأƒO ELEITO
SP;62316;BIRITIBA MIRIM;11;PREFEITO;14;LUIZ MASUO YATSUGAFU;LUIZ YATSUGAFU;14;PTB;PARTIDO TRABALHISTA BRASILEIRO;2; UNIأƒO, MORAL E PROGRESSO ;PTB / PSB / PPB / PSD / PRTB / PST / PSC / PT do B ;NأƒO ELEITO
SP;71072;SAO PAULO;11;PREFEITO;13;MARTA TERESA SUPLICY;MARTA SUPLICY;13;PT;PARTIDO DOS TRABALHADORES;2;MUDA SأƒO PAULO;PT / PC do B / PCB / PHS ;2آ؛ TURNO
SP;65510;ITAPEVI;11;PREFEITO;11;JURANDIR SALVARANI;JURANDIR SALVARANI;11;PPB;PARTIDO PROGRESSISTA BRASILEIRO;2; COLIGAأ‡أƒO PPB-PTB ;PPB / PTB ;NأƒO ELEITO
SP;62812;CAIEIRAS;11;PREFEITO;22;NELSON FIORE;NELSON FIORE;22;PL;PARTIDO LIBERAL;1;UNIأƒO POR CAIEIRAS;PPB / PTB / PMDB / PSL / PST / PL / PSDC / PSDB ;NأƒO ELEITO
SP;62855;CAJAMAR;11;PREFEITO;13;EDNOR CARLOS DOS SANTOS;EDNOR;13;PT;PARTIDO DOS TRABALHADORES;-1;PARTIDO ISOLADO;PT;NأƒO ELEITO
SP;66010;JANDIRA;11;PREFEITO;45;WALDERI BRAZ PASCHOALIN;BRAZ;45;PSDB;PARTIDO DA SOCIAL DEMOCRACIA BRASILEIRA;1;COLIGAGACAO MUDANDO COM O TRABALHO;PSDB / PST / PPS / PTB / PRONA ;NأƒO ELEITO
SP;70017;SALESOPOLIS;11;PREFEITO;15;JOSأ‰ RODRIGUES FEITAL FILHO;FEITAL;15;PMDB;PARTIDO DO MOVIMENTO DEMOCRأپTICO BRASILEIRO;5;SEMPRE SALESأ“POLIS;PMDB / PSC ;NأƒO ELEITO
SP;71072;SAO PAULO;11;PREFEITO;36;CIRO TIZIANI MOURA;CIRO MOURA;36;PRN;PARTIDO DA RECONSTRUأ‡أƒO NACIONAL;-1;PARTIDO ISOLADO;PRN;NأƒO ELEITO
SP;62812;CAIEIRAS;11;PREFEITO;40;Nأ‰VIO LUIZ ARANHA DأپRTORA;Nأ‰VIO DأپRTORA;40;PSB;PARTIDO SOCIALISTA BRASILEIRO;5;CAIEIRAS EM 1. LUGAR;PSB / PT / PFL / PDT / PRTB / PV / PSC / PRP / PPS;ELEITO
SP;62138;BARUERI;11;PREFEITO;43;JORGE MARCELO BARBARA DE OLIVEIRA;MARCELO BARBARA;43;PV;PARTIDO VERDE;1;PELO FIM DA PANELINHA - BARUERI RENOVACأƒO;PT / PV / PC do B ;NأƒO ELEITO
SP;71072;SAO PAULO;11;PREFEITO;25;ROMEU TUMA;ROMEU TUMA;25;PFL;PARTIDO DA FRENTE LIBERAL;1;COLIGAأ‡أƒO MأƒOS LIMPAS-PFL-PMDB;PFL / PMDB ;NأƒO ELEITO
SP;63770;DIADEMA;11;PREFEITO;23;JOSأ‰ AUGUSTO DA SILVA RAMOS;DR. JOSأ‰ AUGUSTO;23;PPS;PARTIDO POPULAR SOCIALISTA;1;UNIأƒO POR DIADEMA;PPS / PDT / PST / PRP / PSC;NأƒO ELEITO
SP;63134;CARAPICUIBA;11;PREFEITO;25;ROBERTO DOS SANTOS ARAGأƒO;ROBERTO ARAGأƒO;25;PFL;PARTIDO DA FRENTE LIBERAL;-1;PARTIDO ISOLADO;PFL;NأƒO ELEITO
SP;64017;EMBU;11;PREFEITO;14;MILTON GONأ‡ALVES DA SILVA;MILTON DO FAIXA AZUL;14;PTB;PARTIDO TRABALHISTA BRASILEIRO;10;UMA NOVA ESPERANأ‡A;PSDC / PTB / PRTB / PST / PSD / PPB / PRONA ;NأƒO ELEITO
SP;66710;MAIRIPORA;11;PREFEITO;18;CHAFIC JABALI;PROF. CHAFIC;18;PST;PARTIDO SOCIAL TRABALHISTA;1;AMO MAIRIPORأƒ;PST / PRP ;NأƒO ELEITO
SP;68837;PIRAPORA DO BOM JESUS;11;PREFEITO;40;JOSأ‰ CARLOS ALVES;BANANINHA;40;PSB;PARTIDO SOCIALISTA BRASILEIRO;1;UNIأƒO POPULAR;PSB / PPS / PSDB / PSD;NأƒO ELEITO
SP;70475;SANTANA DE PARNAIBA;11;PREFEITO;56;PEDRO OLIVEIRA DE FREITAS;PEDRO OLIVEIRA DE FREITAS;56;PRONA;PARTIDO DA REEDIFICAأ‡أƒO DA ORDEM NACIONAL;-1;PARTIDO ISOLADO;PRONA;NأƒO ELEITO
SP;72737;VARGEM GRANDE PAULISTA;11;PREFEITO;13;JOSأ‰ RICARDO CAMPOLIM DE ALMEIDA;RICARDO CAMPOLIM;13;PT;PARTIDO DOS TRABALHADORES;-1;PARTIDO ISOLADO;PT;NأƒO ELEITO
SP;65633;ITAQUAQUECETUBA;11;PREFEITO;13;VERA DA PENHA RODRIGUES;VERA DA PENHA;13;PT;PARTIDO DOS TRABALHADORES;1;UNIأƒO DO POVO;PSTU / PT;NأƒO ELEITO
SP;64017;EMBU;11;PREFEITO;13;GERALDO LEITE DA CRUZ;GERALDO CRUZ;13;PT;PARTIDO DOS TRABALHADORES;3;FRENTE POPULAR PELA MORALIZAأ‡أƒO DE EMBU;PT / PSTU / PAN / PGT / PMN / PSB / PV / PT do B / PHS ;ELEITO
SP;63770;DIADEMA;11;PREFEITO;15;JOSأ‰ FRANCISCO ALVES;JOSأ‰ FRANCISCO ALVES;15;PMDB;PARTIDO DO MOVIMENTO DEMOCRأپTICO BRASILEIRO;7;Fأ‰ PARA MUDAR DIADEMA;PMDB / PFL / PPB;NأƒO ELEITO
SP;70572;SANTO ANDRE;11;PREFEITO;45;SILVIO TADEU PINA;PINA;45;PSDB;PARTIDO DA SOCIAL DEMOCRACIA BRASILEIRA;-1;PARTIDO ISOLADO;PSDB;NأƒO ELEITO
SP;67130;MOGI DAS CRUZES;11;PREFEITO;30;JOأƒO CAPISTRANO PASQUINELLI ALCKMIN FRANCO;JOأƒO CURIأ“ ALCKMIN;30;PGT;PARTIDO GERAL DOS TRABALHADORES;7;NOVA ALIANأ‡A;PGT / PMN;NأƒO ELEITO
SP;66257;JUQUITIBA;11;PREFEITO;12;EMIR ANTONIO RODRIGUES GARCIA;EMIR GARCIA;12;PDT;PARTIDO DEMOCRأپTICO TRABALHISTA;-1;PARTIDO ISOLADO;PDT;NأƒO ELEITO
SP;65633;ITAQUAQUECETUBA;11;PREFEITO;22;ARMANDO TAVARES FILHO;ARMANDO DA FARMACIA;22;PL;PARTIDO LIBERAL;9;UNIDOS POR ITAQUA;PPB / PFL / PSL / PTB / PL / PDT ;NأƒO ELEITO
SP;70750;SAO BERNARDO DO CAMPO;11;PREFEITO;16;ELIANA LأڑCIA FERREIRA;DRA ELIANA;16;PSTU;PARTIDO SOCIALISTA DOS TRABALHADORES UNIFICADO;-1;PARTIDO ISOLADO;PSTU;NأƒO ELEITO
SP;64017;EMBU;11;PREFEITO;15;PAULO CEZAR MARTINS;PAULO MARTINS;15;PMDB;PARTIDO DO MOVIMENTO DEMOCRأپTICO BRASILEIRO;1;OURO;PMDB / PFL / PTN / PRP / PSC / PSL ;NأƒO ELEITO
SP;64297;FRANCO DA ROCHA;11;PREFEITO;16;CRISTIANO MONTEIRO DA SILVA;CRISTIANO;16;PSTU;PARTIDO SOCIALISTA DOS TRABALHADORES UNIFICADO;-1;PARTIDO ISOLADO;PSTU;NأƒO ELEITO
SP;70017;SALESOPOLIS;11;PREFEITO;43;JOSE FRANCISCO CITRANGULO;NأٹGO;43;PV;PARTIDO VERDE;1;UNIأƒO POPULAR;PL / PV / PRP / PSDB;NأƒO ELEITO
SP;70750;SAO BERNARDO DO CAMPO;11;PREFEITO;45;CARLOS BUCH PASTORIZA;PASTORIZA;45;PSDB;PARTIDO DA SOCIAL DEMOCRACIA BRASILEIRA;2;FRENTE SأƒO BERNARDO;PSDB / PAN / PMN / PST / PRP;NأƒO ELEITO
SP;69671;RIBEIRAO PIRES;11;PREFEITO;16;JUSCELINO RODRIGUES OLIVEIRA;JUSCELINO RODRIGUES OLIVEIRA;16;PSTU;PARTIDO SOCIALISTA DOS TRABALHADORES UNIFICADO;-1;PARTIDO ISOLADO;PSTU;NأƒO ELEITO
SP;68977;POA;11;PREFEITO;22;VAGNER MANTARANO;VAGNER DA OTICA;22;PL;PARTIDO LIBERAL;6;BEBA AGUA LIMPA;PL / PSDB / PSB;NأƒO ELEITO
SP;70777;SAO CAETANO DO SUL;11;PREFEITO;45;CLAUDIO DEMAMBRO;DEMAMBRO;45;PSDB;PARTIDO DA SOCIAL DEMOCRACIA BRASILEIRA;-1;PARTIDO ISOLADO;PSDB;NأƒO ELEITO
SP;63614;COTIA;11;PREFEITO;14;AILTON FERREIRA;DR. AILTON;14;PTB;PARTIDO TRABALHISTA BRASILEIRO;5;AMOR POR COTIA;PTB / PT do B / PRTB / PPB ;NأƒO ELEITO
SP;69671;RIBEIRAO PIRES;11;PREFEITO;43;ROBERTO MASSANOBU TOKUZUMI;ROBERTO TOKUZUMI;43;PV;PARTIDO VERDE;8;COLIGAأ‡أƒO FUTURO PARA RIBEIRأƒO PIRES;PV / PPS / PSC / PMN / PSD / PPB;NأƒO ELEITO
SP;63770;DIADEMA;11;PREFEITO;43;MARIA REGINA GONأ‡ALVES SCHNEEBERGER;REGINA;43;PV;PARTIDO VERDE;9;DIADEMA PRA VALER;PV / PTB / PSDB;NأƒO ELEITO
SP;66010;JANDIRA;11;PREFEITO;13;PAULO HENRIQUE BARJUD;PAULINHO BURURU;13;PT;PARTIDO DOS TRABALHADORES;5;CORAGEM PRA MUDAR JANDIRA;PT / PT do B / PMN ;ELEITO
SP;70475;SANTANA DE PARNAIBA;11;PREFEITO;13;DORANEI LOPES DA SILVA;PROFESSORA DORA;13;PT;PARTIDO DOS TRABALHADORES;-1;PARTIDO ISOLADO;PT;NأƒO ELEITO
SP;66710;MAIRIPORA;11;PREFEITO;40;ARLINDO CARPI;ARLINDO CARPI;40;PSB;PARTIDO SOCIALISTA BRASILEIRO;6;MAIRIPORأƒ AINDA MELHOR;PSB / PTN ;NأƒO ELEITO
SP;71072;SAO PAULO;11;PREFEITO;16;FABIO JOSأ‰ BOSCO;FABIO BOSCO;16;PSTU;PARTIDO SOCIALISTA DOS TRABALHADORES UNIFICADO;-1;PARTIDO ISOLADO;PSTU;NأƒO ELEITO
SP;64157;FERRAZ DE VASCONCELOS;11;PREFEITO;44;ANDRE LUIZ DA CRUZ;ANDRE LUIZ;44;PRP;PARTIDO REPUBLICANO PROGRESSISTA;-1;PARTIDO ISOLADO;PRP;NأƒO ELEITO
SP;65633;ITAQUAQUECETUBA;11;PREFEITO;15;MARIO LUIZ MORENO;MARIO MORENO;15;PMDB;PARTIDO DO MOVIMENTO DEMOCRأپTICO BRASILEIRO;2;أ‰ HORA DE MUDAR;PMDB / PC do B / PSDB / PRP;ELEITO
SP;64777;GUARULHOS;11;PREFEITO;14;PASCHOAL THOMEU;PASCHOAL THOMEU;14;PTB;PARTIDO TRABALHISTA BRASILEIRO;1;NOVOS RUMOS;PTB / PMDB / PSL / PTN / PFL / PAN / PRTB / PMN / PRN / PSD / PRP / PRONA / PT do B / PPB ;NأƒO ELEITO
SP;66710;MAIRIPORA;11;PREFEITO;23;ANTONIO JAIR OLIVEIRA NASCIMENTO;JAIR;23;PPS;PARTIDO POPULAR SOCIALISTA;8;RESPEITO POR MAIRIPORأƒ;PMN / PHS / PPS / PFL;ELEITO
SP;63134;CARAPICUIBA;11;PREFEITO;22;VANDERLEI PEDRO DA SILVA COELHO;VANDERLEI P S COELHO;22;PL;PARTIDO LIBERAL;2;FRENTE LIBERAL CRISTأƒ;PL / PSC ;NأƒO ELEITO
SP;65455;ITAPECERICA DA SERRA;11;PREFEITO;43;JORGE JOSأ‰ DA COSTA;JORGE COSTA;43;PV;PARTIDO VERDE;9;PMDB PV PL PDT PSC;PMDB / PV / PSC / PL / PDT ;NأƒO ELEITO
SP;71510;SUZANO;11;PREFEITO;25;ESTEVAM GALVأƒO DE OLIVEIRA;ESTEVAM GALVأƒO;25;PFL;PARTIDO DA FRENTE LIBERAL;8;UNأƒO DE LIDERANأ‡AS;PTB / PMDB / PST / PTN / PSC / PL / PFL / PAN / PSDC / PRTB / PV / PRP / PSDB;ELEITO
SP;64157;FERRAZ DE VASCONCELOS;11;PREFEITO;14;JOSأ‰ CARLOS FERNANDES CHACON;Zأ‰ BIRUTA;14;PTB;PARTIDO TRABALHISTA BRASILEIRO;-1;PARTIDO ISOLADO;PTB;ELEITO
SP;70750;SAO BERNARDO DO CAMPO;11;PREFEITO;56;PAULO CESAR CORRأٹA;PAULO CORRأٹA;56;PRONA;PARTIDO DA REEDIFICAأ‡أƒO DA ORDEM NACIONAL;-1;PARTIDO ISOLADO;PRONA;NأƒO ELEITO
SP;64777;GUARULHOS;11;PREFEITO;13;ELOI ALFREDO PIETأپ;ELOI PIETأپ;13;PT;PARTIDO DOS TRABALHADORES;2;ALIANأ‡A PARA MUDAR GUARULHOS;PT / PSTU / PSB / PC do B ;ELEITO
SP;71072;SAO PAULO;11;PREFEITO;22;MARCOS CINTRA CAVALCANTI DE ALBUQUERQUE;MARCOS CINTRA;22;PL;PARTIDO LIBERAL;-1;PARTIDO ISOLADO;PL;NأƒO ELEITO
SP;64670;GUARAREMA;11;PREFEITO;15;SILVIO ALVES PEREIRA;SILVIO PEREIRA;15;PMDB;PARTIDO DO MOVIMENTO DEMOCRأپTICO BRASILEIRO;-1;PARTIDO ISOLADO;PMDB;NأƒO ELEITO
SP;62855;CAJAMAR;11;PREFEITO;14;ANTONIO CARLOS OLIVEIRA RIBAS DE ANDRADE;TONINHO RIBAS;14;PTB;PARTIDO TRABALHISTA BRASILEIRO;1;UNIأƒO POR CAJAMAR;PTB / PMDB / PSL / PST / PTN / PRTB / PGT / PHS / PMN / PSB / PSD / PRP / PSDB ;ELEITO
SP;71510;SUZANO;11;PREFEITO;11;JOSE DE SOUZA DIAS;DIAS;11;PPB;PARTIDO PROGRESSISTA BRASILEIRO;4;SUZANO NOVO MILENIO;PPB / PGT / PMN / PRONA;NأƒO ELEITO
SP;63134;CARAPICUIBA;11;PREFEITO;30;FRANCISCO DOS SANTOS;CHICAO METALURGICO;30;PGT;PARTIDO GERAL DOS TRABALHADORES;-1;PARTIDO ISOLADO;PGT;NأƒO ELEITO
SP;63134;CARAPICUIBA;11;PREFEITO;23;ANTONIO DA CUNHA LIMA;CUNHA LIMA;23;PPS;PARTIDO POPULAR SOCIALISTA;10;CARAPICUIBA MERECE RESPEITO;PPS / PDT / PPB / PSL ;NأƒO ELEITO
SP;64157;FERRAZ DE VASCONCELOS;11;PREFEITO;40;MARIUZA GERALDA SIQUEIRA TOLEDO DAS NEVES;MARIUZA;40;PSB;PARTIDO SOCIALISTA BRASILEIRO;5;ARRUMANDO A CASA;PSB / PC do B ;NأƒO ELEITO
SP;70750;SAO BERNARDO DO CAMPO;11;PREFEITO;13;VICENTE PAULO DA SILVA;VICENTINHO;13;PT;PARTIDO DOS TRABALHADORES;3;SأƒO BERNARDO PRA VOCأٹ;PT / PC do B;NأƒO ELEITO
SP;63770;DIADEMA;11;PREFEITO;23;JOSأ‰ AUGUSTO DA SILVA RAMOS;DR. JOSأ‰ AUGUSTO;23;PPS;PARTIDO POPULAR SOCIALISTA;1;UNIأƒO POR DIADEMA;PPS / PDT / PST / PRP / PSC;2آ؛ TURNO
SP;71072;SAO PAULO;11;PREFEITO;30;FRANCISCO CANINDأ‰ PEGADO DO NASCIMENTO;CANINDأ‰ PEGADO;30;PGT;PARTIDO GERAL DOS TRABALHADORES;-1;PARTIDO ISOLADO;PGT;NأƒO ELEITO
SP;71072;SAO PAULO;11;PREFEITO;19;JOSأ‰ MASCI DE ABREU;JOSE DE ABREU;19;PTN;PARTIDO TRABALHISTA NACIONAL;8;VOZ DO POVO;PTN / PST;NأƒO ELEITO
SP;64033;EMBU GUACU;11;PREFEITO;23;WALTER ANTONIO MARQUES;WALTER DO POSTO;23;PPS;PARTIDO POPULAR SOCIALISTA;1;NOVA ESPERANأ‡A;PPB / PDT / PTB / PL / PPS / PFL / PRTB / PSB ;ELEITO
SP;68837;PIRAPORA DO BOM JESUS;11;PREFEITO;14;JOSE MAURO DA SILVA;ZE MAURO;14;PTB;PARTIDO TRABALHISTA BRASILEIRO;-1;PARTIDO ISOLADO;PTB;NأƒO ELEITO
SP;66893;MAUA;11;PREFEITO;45;LEONEL DAMO;LEONEL DAMO;45;PSDB;PARTIDO DA SOCIAL DEMOCRACIA BRASILEIRA;1;COLIGAأ‡أƒO MAUأپ FELIZ;PAN / PFL / PPS / PRP / PRTB / PSB / PSDB;2آ؛ TURNO
SP;70017;SALESOPOLIS;11;PREFEITO;14;FRANCISCO RODRIGUES CORRأٹA;QUICO;14;PTB;PARTIDO TRABALHISTA BRASILEIRO;2;CHEGA DELES! MUDANأ‡A Jأپ.;PT / PTB / PSB;ELEITO
SP;70475;SANTANA DE PARNAIBA;11;PREFEITO;25;SILVIO ROBERTO CAVALCANTI PECCIOLI;SILVINHO PECCIOLI;25;PFL;PARTIDO DA FRENTE LIBERAL;1;PARNAIBA INDEPENDENTE;PDT / PFL / PV / PSDB / PTB / PMN / PSC / PSB / PPS / PMDB / PHS ;ELEITO
SP;66893;MAUA;11;PREFEITO;13;OSWALDO DIAS;OSWALDO DIAS;13;PT;PARTIDO DOS TRABALHADORES;4;COLIGAأ‡أƒO MAUأپ UNIDA;PC do B / PHS / PMDB / PSD / PSL / PT / PV;2آ؛ TURNO
SP;69833;RIO GRANDE DA SERRA;11;PREFEITO;23;VALMIR FERREIRA;VALMIR COPINA;23;PPS;PARTIDO POPULAR SOCIALISTA;-1;PARTIDO ISOLADO;PPS;NأƒO ELEITO
SP;63134;CARAPICUIBA;11;PREFEITO;45;FUAD GABRIEL CHUCRE;FUAD CHUCRE;45;PSDB;PARTIDO DA SOCIAL DEMOCRACIA BRASILEIRA;11;CARAPICUIBA SOMOS Nأ“S - MAJORIT.;PTB / PSB / PSDB ;ELEITO
SP;67130;MOGI DAS CRUZES;11;PREFEITO;43;SONIA MARIA VENEZIANI RIBEIRO;SONIA NOGUEIRA;43;PV;PARTIDO VERDE;8;RENASCE A ESPERANأ‡A;PRTB / PV;NأƒO ELEITO
SP;65510;ITAPEVI;11;PREFEITO;23;MARIA RUTH BANHOLZER;DRA RUTH;23;PPS;PARTIDO POPULAR SOCIALISTA;1; COLIGAأ‡أƒO POPULAR DE RENOVAأ‡أƒO ;PT / PPS / PSB / PC do B ;NأƒO ELEITO
SP;71072;SAO PAULO;11;PREFEITO;40;LUIZA ERUNDINA DE SOUSA;LUIZA ERUNDINA;40;PSB;PARTIDO SOCIALISTA BRASILEIRO;5;SأƒO PAULO SOMOS Nأ“S;PSB / PPS / PDT / PMN ;NأƒO ELEITO
SP;67130;MOGI DAS CRUZES;11;PREFEITO;45;JUNJI ABE;JUNJI;45;PSDB;PARTIDO DA SOCIAL DEMOCRACIA BRASILEIRA;12;UNIأƒO POR MOGI;PTB / PFL / PSDB ;ELEITO
SP;64777;GUARULHOS;11;PREFEITO;21;MARINA ANGELO;MARINA ANGELO;21;PCB;PARTIDO COMUNISTA BRASILEIRO;-1;PARTIDO ISOLADO;PCB;NأƒO ELEITO
SP;64777;GUARULHOS;11;PREFEITO;31;JOAO LUIZ LEITE;JOأƒO LEITE;31;PHS;PARTIDO HUMANISTA DA SOLIDARIEDADE;-1;PARTIDO ISOLADO;PHS;NأƒO ELEITO
SP;64777;GUARULHOS;11;PREFEITO;20;CELSA VILACHA GONZALEZ CARDILLO;CELSA GONZALEZ;20;PSC;PARTIDO SOCIAL CRISTأƒO;-1;PARTIDO ISOLADO;PSC;NأƒO ELEITO
SP;70378;SANTA ISABEL;11;PREFEITO;31;EDNA IANNETTA DEL BUSSO;EDNA;31;PHS;PARTIDO HUMANISTA DA SOLIDARIEDADE;-1;PARTIDO ISOLADO;PHS;NأƒO ELEITO
SP;64777;GUARULHOS;11;PREFEITO;21;BETTY DEVID DE SOUZA PERES;DONA BETTY;21;PCB;PARTIDO COMUNISTA BRASILEIRO;-1;PARTIDO ISOLADO;PCB;NأƒO ELEITO
SP;63614;COTIA;11;PREFEITO;22;PLAISANT CASTELO BRANCO;CASTELLO BRANCO;22;PL;PARTIDO LIBERAL;-1;PARTIDO ISOLADO;PL;NأƒO ELEITO
SP;71510;SUZANO;11;PREFEITO;13;MARCELO DE SOUZA CANDIDO;MARCELO CANDIDO;13;PT;PARTIDO DOS TRABALHADORES;3;FRENTE SUZANO SEM EXCLUSأƒO;PT / PSTU / PSB ;NأƒO ELEITO
SP;62138;BARUERI;11;PREFEITO;25;GILBERTO MACEDO GIL ARANTES;GIL;25;PFL;PARTIDO DA FRENTE LIBERAL;2;O TRABALHO CONTINUA;PFL / PST / PMDB / PPB / PTB / PMN / PSB / PL / PSDC / PSD / PSDB / PHS ;ELEITO
SP;66257;JUQUITIBA;11;PREFEITO;25;AYRES SCORSATTO;AYRES SCORSATTO;25;PFL;PARTIDO DA FRENTE LIBERAL;1;A MUDANأ‡A QUE DEU CERTO;PL / PFL ;ELEITO
SP;65455;ITAPECERICA DA SERRA;11;PREFEITO;26;VICENTE LEITE DE SOUZA;VICENTE LEITE DE SOUZA;26;PAN;PARTIDO DOS APOSENTADOS DA NAأ‡أƒO;-1;PARTIDO ISOLADO;PAN;NأƒO ELEITO
SP;71510;SUZANO;11;PREFEITO;31;JOSE RENATO DA SILVA;ZE RENATO;31;PHS;PARTIDO HUMANISTA DA SOLIDARIEDADE;1;COLIGAأ‡أƒO SOLIDARIA;PSL / PHS / PSD ;NأƒO ELEITO
SP;64297;FRANCO DA ROCHA;11;PREFEITO;13;MARIO MAURICI DE LIMA MORAIS;MAURICI;13;PT;PARTIDO DOS TRABALHADORES;3;FRENTE POPULAR DE FRANCO DA ROCHA;PT / PMN / PC do B / PSDC / PSB / PPS ;NأƒO ELEITO
SP;62316;BIRITIBA MIRIM;11;PREFEITO;12;ROBERTO PEREIRA DA SILVA;JACARE;12;PDT;PARTIDO DEMOCRأپTICO TRABALHISTA;1; MORALIZAR PARA GOVERNAR ;PDT / PV / PC do B;ELEITO
SP;62316;BIRITIBA MIRIM;11;PREFEITO;22;BENEDITO FREITAS;BENEDITO FREITAS;22;PL;PARTIDO LIBERAL;3; SEMPRE UNIDOS POR BIRITIBA ;PL / PSDB / PMDB / PRP / PGT / PTN / PPS ;NأƒO ELEITO
SP;63770;DIADEMA;11;PREFEITO;13;JOSأ‰ DE FILIPPI JUNIOR;FILIPPI;13;PT;PARTIDO DOS TRABALHADORES;8;FRENTE DEMOCRأپTICO POPULAR;PT / PSTU / PC do B;2آ؛ TURNO
SP;64017;EMBU;11;PREFEITO;12;NIVALDO ORLANDI;NIVALDO ORLANDI;12;PDT;PARTIDO DEMOCRأپTICO TRABALHISTA;7;MUTIRأƒO;PDT / PSDB / PPS / PL ;NأƒO ELEITO
SP;70378;SANTA ISABEL;11;PREFEITO;15;MARIA ANGELA SANCHES;ANGELA;15;PMDB;PARTIDO DO MOVIMENTO DEMOCRأپTICO BRASILEIRO;6;SANTA ISABEL PARA TODOS;PMDB / PT / PDT / PST / PMN / PL / PSD / PRTB ;NأƒO ELEITO
SP;66710;MAIRIPORA;11;PREFEITO;45;SARKIS TELLIAN;SARKIS;45;PSDB;PARTIDO DA SOCIAL DEMOCRACIA BRASILEIRA;3;EXPERIأٹNCIA E TRABALHO - PSDB, PSD, PTB, PPB, PL;PSDB / PSD / PTB / PPB / PL;NأƒO ELEITO
SP;68977;POA;11;PREFEITO;44;JOSأ‰ WILSON CAVALETTI;CAVALETTI;44;PRP;PARTIDO REPUBLICANO PROGRESSISTA;-1;PARTIDO ISOLADO;PRP;NأƒO ELEITO
SP;64297;FRANCO DA ROCHA;11;PREFEITO;14;ROBERTO SEIXAS;ROBERTO SEIXAS;14;PTB;PARTIDO TRABALHISTA BRASILEIRO;5;CONFIANأ‡A NO FUTURO;PTB / PMDB / PFL / PTN / PGT / PST / PRP / PPB / PDT / PSC ;ELEITO
SP;62138;BARUERI;11;PREFEITO;28;MILTON PRATES;MILTON PRATES;28;PRTB;PARTIDO RENOVADOR TRABALHISTA BRASILEIRO;-1;PARTIDO ISOLADO;PRTB;NأƒO ELEITO
SP;64670;GUARAREMA;11;PREFEITO;44;RAIMUNDO RAMOS;MUNDINHO;44;PRP;PARTIDO REPUBLICANO PROGRESSISTA;3; O VOTO NأƒO TEM PREأ‡O ;PRP / PSB / PDT / PPS ;NأƒO ELEITO
SP;68837;PIRAPORA DO BOM JESUS;11;PREFEITO;31;ADRIANA CRITELLI;ADRIANA;31;PHS;PARTIDO HUMANISTA DA SOLIDARIEDADE;3;PIRAPORA INDEPENDENTE;PHS / PL / PT / PC do B ;NأƒO ELEITO
SP;63614;COTIA;11;PREFEITO;13;JOSأ‰ ADELINO D  AMARAL;AMARAL;13;PT;PARTIDO DOS TRABALHADORES;-1;PARTIDO ISOLADO;PT;NأƒO ELEITO
SP;70750;SAO BERNARDO DO CAMPO;11;PREFEITO;14;LAURO GOMES JUNIOR;LAURO GOMES;14;PTB;PARTIDO TRABALHISTA BRASILEIRO;4;TRABALHO E PROGRESSO;PTB / PPB;NأƒO ELEITO
SP;67130;MOGI DAS CRUZES;11;PREFEITO;15;FRANCISCO MOACIR BEZERRA DE MELO FILHO;CHICO BEZERRA;15;PMDB;PARTIDO DO MOVIMENTO DEMOCRأپTICO BRASILEIRO;11;AMOR POR MOGI;PDT / PMDB / PSD / PRP;NأƒO ELEITO
SP;70777;SAO CAETANO DO SUL;11;PREFEITO;13;JAIR ANTONIO MENEGUELLI;JAIR MENEGUELLI;13;PT;PARTIDO DOS TRABALHADORES;5;COLIGAأ‡أƒO PT-PV NOSSA CIDADE MERECE RESPEITO;PT / PV ;NأƒO ELEITO
SP;66010;JANDIRA;11;PREFEITO;12;JOSE ROBERTO PITERI;PITERI;12;PDT;PARTIDO DEMOCRأپTICO TRABALHISTA;8;UNIAO E PARTICIPAأ‡أƒO POPULAR;PDT / PMDB ;NأƒO ELEITO
SP;66710;MAIRIPORA;11;PREFEITO;56;EUCLIDES SOARES DE LIMA NETTO;NETTO;56;PRONA;PARTIDO DA REEDIFICAأ‡أƒO DA ORDEM NACIONAL;-1;PARTIDO ISOLADO;PRONA;NأƒO ELEITO
SP;71579;TABOAO DA SERRA;11;PREFEITO;45;FERNANDO FERNANDES FILHO;FERNANDO FERNANDES;45;PSDB;PARTIDO DA SOCIAL DEMOCRACIA BRASILEIRA;1;PSDB/PV/PSD/PGT/PST/PTB/PSC/PPB;PSDB / PV / PSD / PGT / PST / PTB / PSC / PPB ;ELEITO
SP;64777;GUARULHOS;11;PREFEITO;43;JOVINO Cأ‚NDIDO DA SILVA;JOVINO;43;PV;PARTIDO VERDE;3;FRENTE POPULAR DE GUARULHOS;PDT / PL / PSDC / PV / PSDB ;2آ؛ TURNO
SP;68977;POA;11;PREFEITO;41;EDUARDO CARLOS FELIPPE;EDUARDأƒO;41;PSD;PARTIDO SOCIAL DEMOCRأپTICO;-1;PARTIDO ISOLADO;PSD;ELEITO
SP;67130;MOGI DAS CRUZES;11;PREFEITO;20;CESAR DAVI MARQUES;CESAR DAVI;20;PSC;PARTIDO SOCIAL CRISTأƒO;13;MOGI PRA TODOS;PSC / PPS / PSB ;NأƒO ELEITO
SP;70378;SANTA ISABEL;11;PREFEITO;25;WALDEMAR DE BRITO SIMأƒO;NENأٹ SIMأƒO;25;PFL;PARTIDO DA FRENTE LIBERAL;1;A VOLTA DO POVO ;PPB / PTB / PTN / PPS / PFL / PSC / PAN / PGT / PSB / PV / PSDB / PSDC ;ELEITO
SP;71072;SAO PAULO;11;PREFEITO;56;ENأ‰AS FERREIRA CARNEIRO;ENأ‰AS;56;PRONA;PARTIDO DA REEDIFICAأ‡أƒO DA ORDEM NACIONAL;-1;PARTIDO ISOLADO;PRONA;NأƒO ELEITO
SP;61778;ARUJA;11;PREFEITO;22;ABEL JOSأ‰ LARINI;ABEL;22;PL;PARTIDO LIBERAL;1;ARUJA MELHOR;PL / PSB / PPB / PFL / PSDB ;ELEITO
SP;71072;SAO PAULO;11;PREFEITO;26;OSMAR DE OLIVEIRA LINS;OSMAR LINS;26;PAN;PARTIDO DOS APOSENTADOS DA NAأ‡أƒO;-1;PARTIDO ISOLADO;PAN;NأƒO ELEITO
SP;70777;SAO CAETANO DO SUL;11;PREFEITO;14;LUIZ OLINTO TORTORELLO;TORTORELLO;14;PTB;PARTIDO TRABALHISTA BRASILEIRO;1;COLIGAأ‡أƒO SAO CAETANO SEGUINDO EM FRENTE ;PTB / PFL / PL / PPS / PRP / PST / PMDB / PDT / PPB / PGT / PRONA / PSC;ELEITO
SP;66710;MAIRIPORA;11;PREFEITO;43;ANTONIO CARLOS NERY PINHO;TUNA;43;PV;PARTIDO VERDE;-1;PARTIDO ISOLADO;PV;NأƒO ELEITO
SP;65510;ITAPEVI;11;PREFEITO;45;DALVANI ANأپLIA NASI CARAMEZ;DALVANI CARAMEZ;45;PSDB;PARTIDO DA SOCIAL DEMOCRACIA BRASILEIRA;9;COLIGAأ‡أƒO   ITAPEVI DE CORAأ‡أƒO ;PMDB / PSDB / PV / PSDC / PSL / PST / PSD / PRTB / PDT ;ELEITO
SP;69671;RIBEIRAO PIRES;11;PREFEITO;15;VALDأچRIO PRISCO;VALDIRIO PRISCO;15;PMDB;PARTIDO DO MOVIMENTO DEMOCRأپTICO BRASILEIRO;4;COLIGAأ‡أƒO CIDADE LIVRE;PMDB / PSDB / PFL / PTB / PRTB / PST ;NأƒO ELEITO
SP;68977;POA;11;PREFEITO;14;CARLOS ROBERTO MARQUES DA SILVA;ROBERTO MARQUES;14;PTB;PARTIDO TRABALHISTA BRASILEIRO;3;HUMILDADE JUSTIأ‡A E TRABALHO/PREF.;PTB / PHS / PMN ;NأƒO ELEITO
SP;70750;SAO BERNARDO DO CAMPO;11;PREFEITO;23;MAURICIO SOARES DE ALMEIDA;MAURICIO SOARES;23;PPS;PARTIDO POPULAR SOCIALISTA;1;SأƒO BERNARDO AINDA MELHOR;PPS / PSB / PSDC / PL / PFL / PHS / PSL / PMDB / PRTB / PRN / PT do B / PV / PTN / PSC / PSD;ELEITO
SP;69833;RIO GRANDE DA SERRA;11;PREFEITO;22;EXPEDITO ANTONIO DE OLIVEIRA;EXPEDITO DE OLIVEIRA;22;PL;PARTIDO LIBERAL;6;COLIGAأ‡أƒO NOVA RIO GRANDE;PPB / PL / PST / PRN ;NأƒO ELEITO
SP;64033;EMBU GUACU;11;PREFEITO;15;ANTONIO CARLOS GIOVANOLLI CRAVO ROXO;CRAVO ROXO;15;PMDB;PARTIDO DO MOVIMENTO DEMOCRأپTICO BRASILEIRO;6;UNIDADE POPULAR;PMDB / PGT / PSD / PT do B ;NأƒO ELEITO
SP;71072;SAO PAULO;11;PREFEITO;28;FERNANDO AFFONSO COLLOR DE MELLO;COLLOR;28;PRTB;PARTIDO RENOVADOR TRABALHISTA BRASILEIRO;-1;PARTIDO ISOLADO;PRTB;REGISTRO NEGADO ANTES DA ELEIأ‡أƒO
SP;69833;RIO GRANDE DA SERRA;11;PREFEITO;13;RAMأ“N أپLVARO VELASQUEZ;RAMON;13;PT;PARTIDO DOS TRABALHADORES;-1;PARTIDO ISOLADO;PT;ELEITO
SP;70572;SANTO ANDRE;11;PREFEITO;16;JAIME ALVES DE ALMEIDA;JAIME DE ALMEIDA;16;PSTU;PARTIDO SOCIALISTA DOS TRABALHADORES UNIFICADO;-1;PARTIDO ISOLADO;PSTU;NأƒO ELEITO
SP;71579;TABOAO DA SERRA;11;PREFEITO;13;MARCIA REGINA DA SILVA;PROFESSORA MARCIA;13;PT;PARTIDO DOS TRABALHADORES;-1;PARTIDO ISOLADO;PT;NأƒO ELEITO
SP;64777;GUARULHOS;11;PREFEITO;43;JOVINO Cأ‚NDIDO DA SILVA;JOVINO;43;PV;PARTIDO VERDE;3;FRENTE POPULAR DE GUARULHOS;PDT / PL / PSDC / PV / PSDB ;NأƒO ELEITO
SP;71072;SAO PAULO;11;PREFEITO;29;RUI COSTA PIMENTA;RUI COSTA PIMENTA;29;PCO;PARTIDO DA CAUSA OPERأپRIA;-1;PARTIDO ISOLADO;PCO;NأƒO ELEITO
SP;69833;RIO GRANDE DA SERRA;11;PREFEITO;43;SILVIO SABAINSKI;SILVIO SABأپ;43;PV;PARTIDO VERDE;2;COLIGAأ‡أƒO VEM COM A GENTE;PV / PSB / PRTB / PDT ;NأƒO ELEITO
